


insert into MANAGERS (MANAGERS_ID, EMPLOYEE_ID) values (11111, 11111);
insert into MANAGERS (MANAGERS_ID, EMPLOYEE_ID) values (22322, 22322);
insert into MANAGERS (MANAGERS_ID, EMPLOYEE_ID) values (33433, 33433);
insert into MANAGERS (MANAGERS_ID, EMPLOYEE_ID) values (44544, 44544);

insert into EMPLOYEE (EMPLOYEE_ID, FIRST_NAME, LAST_NAME, EMPLOYEE_EMAIL, EMPLOYEE_PASSWORD, TITLE, MANAGERS_ID, IS_MANAGER) values (11111, 'Boigie', 'Kulic','fake1@gmail.com', 'password1', 'CEO', NULL, 1);
insert into EMPLOYEE (EMPLOYEE_ID, FIRST_NAME, LAST_NAME, EMPLOYEE_EMAIL, EMPLOYEE_PASSWORD, TITLE, MANAGERS_ID, IS_MANAGER) values (22322, 'Garold', 'Meeus', 'fake2@gmail.com', 'password2', 'General Manager', 11111, 1);
insert into EMPLOYEE (EMPLOYEE_ID, FIRST_NAME, LAST_NAME, EMPLOYEE_EMAIL, EMPLOYEE_PASSWORD, TITLE, MANAGERS_ID, IS_MANAGER) values (33433, 'Amitie', 'Jope', 'fake3@gmail.com', 'password3', 'Assistant Manager', 22322, 1);
insert into EMPLOYEE (EMPLOYEE_ID, FIRST_NAME, LAST_NAME, EMPLOYEE_EMAIL, EMPLOYEE_PASSWORD, TITLE, MANAGERS_ID, IS_MANAGER) values (44544, 'Drew', 'MacSween', 'fake4@gmail.com', 'password4', 'HR Manager', 11111, 1);
insert into EMPLOYEE (EMPLOYEE_ID, FIRST_NAME, LAST_NAME, EMPLOYEE_EMAIL, EMPLOYEE_PASSWORD, TITLE, MANAGERS_ID, IS_MANAGER) values (55655, 'Lay', 'Tabb', 'fake5@gmail.com', 'password5', 'HR Associate', 11111, 0);
insert into EMPLOYEE (EMPLOYEE_ID, FIRST_NAME, LAST_NAME, EMPLOYEE_EMAIL, EMPLOYEE_PASSWORD, TITLE, MANAGERS_ID, IS_MANAGER) values (66766, 'Ward', 'Haddrell', 'fake6@gmail.com', 'password6', 'Generic', 33433, 0);
insert into EMPLOYEE (EMPLOYEE_ID, FIRST_NAME, LAST_NAME, EMPLOYEE_EMAIL, EMPLOYEE_PASSWORD, TITLE, MANAGERS_ID, IS_MANAGER) values (77877, 'Britt', 'Christophle', 'fake7@gmail.com', 'password7', 'Generic', 33433, 0);
insert into EMPLOYEE (EMPLOYEE_ID, FIRST_NAME, LAST_NAME, EMPLOYEE_EMAIL, EMPLOYEE_PASSWORD, TITLE, MANAGERS_ID, IS_MANAGER) values (88988, 'Jermain', 'Grumble', 'fake8@gmail.com', 'password8', 'Generic', 33433, 0);
insert into EMPLOYEE (EMPLOYEE_ID, FIRST_NAME, LAST_NAME, EMPLOYEE_EMAIL, EMPLOYEE_PASSWORD, TITLE, MANAGERS_ID, IS_MANAGER) values (91099, 'Nicolai', 'Bellefant', 'fake9@gmail.com', 'password9', 'Generic', 33433, 0);
insert into EMPLOYEE (EMPLOYEE_ID, FIRST_NAME, LAST_NAME, EMPLOYEE_EMAIL, EMPLOYEE_PASSWORD, TITLE, MANAGERS_ID, IS_MANAGER) values (10110, 'Chrissy', 'Sendley', 'fake10@gmail.com', 'password10', 'Generic', 33433, 0);
insert into EMPLOYEE (EMPLOYEE_ID, FIRST_NAME, LAST_NAME, EMPLOYEE_EMAIL, EMPLOYEE_PASSWORD, TITLE, MANAGERS_ID, IS_MANAGER) values (11121, 'Eilis', 'Snoday', 'fake11@gmail.com', 'password11', 'Generic', 33433, 0);






insert into REIMBURSEMENTS (REIMBURSEMENT_ID, REIMBURSEMENT_AMOUNT, REIMBURSEMENT_STATUS,  REIMBURSEMENT_DESC, REIMBURSEMENT_RECEIPT, STATUS_CHANGER, EMPLOYEE_ID) values (1, 1069.83, 0, 'Proin at turpis a pede posuere nonummy. Integer non velit. .', null, 0, 55655);
insert into REIMBURSEMENTS (REIMBURSEMENT_ID, REIMBURSEMENT_AMOUNT, REIMBURSEMENT_STATUS,  REIMBURSEMENT_DESC, REIMBURSEMENT_RECEIPT, STATUS_CHANGER, EMPLOYEE_ID) values (2, 5583.87, 0,  'Donec posuere metus vitae ipsum. Nunc rhoncus dui vel sem.', null, 0, 55655);
insert into REIMBURSEMENTS (REIMBURSEMENT_ID, REIMBURSEMENT_AMOUNT, REIMBURSEMENT_STATUS,  REIMBURSEMENT_DESC, REIMBURSEMENT_RECEIPT, STATUS_CHANGER, EMPLOYEE_ID) values (3, 4618.83, 0, 'Duis ac nibh. Fusce lacus purus, aliquet at, feugiat non, pretium quis, lectus.', null, 0, 44544);
insert into REIMBURSEMENTS (REIMBURSEMENT_ID, REIMBURSEMENT_AMOUNT, REIMBURSEMENT_STATUS,  REIMBURSEMENT_DESC, REIMBURSEMENT_RECEIPT, STATUS_CHANGER, EMPLOYEE_ID) values (4, 5069.27, 0,  'Nullam molestie nibh in lectus. Pellentesque at nulla.', null, 0, 91099);
insert into REIMBURSEMENTS (REIMBURSEMENT_ID, REIMBURSEMENT_AMOUNT, REIMBURSEMENT_STATUS,  REIMBURSEMENT_DESC, REIMBURSEMENT_RECEIPT, STATUS_CHANGER, EMPLOYEE_ID) values (5, 7612.95, 0, 'In tempor, turpis nec euismod scelerisque, quam turpis adipiscing lorem. ', null, 0, 55655);
insert into REIMBURSEMENTS (REIMBURSEMENT_ID, REIMBURSEMENT_AMOUNT, REIMBURSEMENT_STATUS,  REIMBURSEMENT_DESC, REIMBURSEMENT_RECEIPT, STATUS_CHANGER, EMPLOYEE_ID) values (6, 6842.56, 0,  'Etiam justo. Maecenas tincidunt lacus at velit.', null, 0, 66766);
insert into REIMBURSEMENTS (REIMBURSEMENT_ID, REIMBURSEMENT_AMOUNT, REIMBURSEMENT_STATUS,  REIMBURSEMENT_DESC, REIMBURSEMENT_RECEIPT, STATUS_CHANGER, EMPLOYEE_ID) values (7, 8719.70, 0,  'Integer tincidunt ante vel ipsum.  Fusce consequat.', null, 0, 91099);
insert into REIMBURSEMENTS (REIMBURSEMENT_ID, REIMBURSEMENT_AMOUNT, REIMBURSEMENT_STATUS,  REIMBURSEMENT_DESC, REIMBURSEMENT_RECEIPT, STATUS_CHANGER, EMPLOYEE_ID) values (8, 9447.94, 0,  'Aenean sit amet justo. ', null, 0, 88988);
insert into REIMBURSEMENTS (REIMBURSEMENT_ID, REIMBURSEMENT_AMOUNT, REIMBURSEMENT_STATUS,  REIMBURSEMENT_DESC, REIMBURSEMENT_RECEIPT, STATUS_CHANGER, EMPLOYEE_ID) values (9, 7876.63, 0,  'Integer pede justo, lacinia eget, dapibus.', null, 0, 77877);
insert into REIMBURSEMENTS (REIMBURSEMENT_ID, REIMBURSEMENT_AMOUNT, REIMBURSEMENT_STATUS,  REIMBURSEMENT_DESC, REIMBURSEMENT_RECEIPT, STATUS_CHANGER, EMPLOYEE_ID) values (10, 690.71, 0,  'Maecenas rhoncus aliquam lacus.', null, 0, 10110);
insert into REIMBURSEMENTS (REIMBURSEMENT_ID, REIMBURSEMENT_AMOUNT, REIMBURSEMENT_STATUS,  REIMBURSEMENT_DESC, REIMBURSEMENT_RECEIPT, STATUS_CHANGER, EMPLOYEE_ID) values (11, 9492.69, 0, 'Sed ante. ibulum ac est lacinia nisi venenatis tristique.', null, 0, 11121);
insert into REIMBURSEMENTS (REIMBURSEMENT_ID, REIMBURSEMENT_AMOUNT, REIMBURSEMENT_STATUS,  REIMBURSEMENT_DESC, REIMBURSEMENT_RECEIPT, STATUS_CHANGER, EMPLOYEE_ID) values (12, 4915.93, 0, 'Nam congue, risus semper porta volutpat, quam pede lobortis ligula.', null, 0, 33433);
insert into REIMBURSEMENTS (REIMBURSEMENT_ID, REIMBURSEMENT_AMOUNT, REIMBURSEMENT_STATUS,  REIMBURSEMENT_DESC, REIMBURSEMENT_RECEIPT, STATUS_CHANGER, EMPLOYEE_ID) values (13, 9495.51, 0, 'Duis aliquam convallis nunc. Proin at turpis a pede posuere nonummy. Integer non velit. ', null, 0, 10110);
insert into REIMBURSEMENTS (REIMBURSEMENT_ID, REIMBURSEMENT_AMOUNT, REIMBURSEMENT_STATUS,  REIMBURSEMENT_DESC, REIMBURSEMENT_RECEIPT, STATUS_CHANGER, EMPLOYEE_ID) values (14, 2923.78, 0, 'Vestibulum rutrum rutrum neque. Aenean auctor gravida sem.', null, 0, 55655);
insert into REIMBURSEMENTS (REIMBURSEMENT_ID, REIMBURSEMENT_AMOUNT, REIMBURSEMENT_STATUS,  REIMBURSEMENT_DESC, REIMBURSEMENT_RECEIPT, STATUS_CHANGER, EMPLOYEE_ID) values (15, 6469.40, 0, 'Nulla tempus. Vivamus in felis eu sapien cursus vestibulum. Proin eu mi.', null, 0, 11121);

