


insert into MANAGERS (MANAGERS_ID, EMPLOYEE_ID) values (1, 1);
insert into MANAGERS (MANAGERS_ID, EMPLOYEE_ID) values (2, 2);
insert into MANAGERS (MANAGERS_ID, EMPLOYEE_ID) values (3, 3);
insert into MANAGERS (MANAGERS_ID, EMPLOYEE_ID) values (4, 4);

insert into EMPLOYEE (EMPLOYEE_ID, FIRST_NAME, LAST_NAME, EMPLOYEE_EMAIL, EMPLOYEE_PASSWORD, TITLE, MANAGERS_ID, IS_MANAGER) values (1, 'Boigie', 'Kulic','fake1@gmail.com', 'password1', 'CEO', NULL, 1);
insert into EMPLOYEE (EMPLOYEE_ID, FIRST_NAME, LAST_NAME, EMPLOYEE_EMAIL, EMPLOYEE_PASSWORD, TITLE, MANAGERS_ID, IS_MANAGER) values (2, 'Garold', 'Meeus', 'fake2@gmail.com', 'password2', 'General Manager', 1, 1);
insert into EMPLOYEE (EMPLOYEE_ID, FIRST_NAME, LAST_NAME, EMPLOYEE_EMAIL, EMPLOYEE_PASSWORD, TITLE, MANAGERS_ID, IS_MANAGER) values (3, 'Amitie', 'Jope', 'fake3@gmail.com', 'password3', 'Assistant Manager', 2, 1);
insert into EMPLOYEE (EMPLOYEE_ID, FIRST_NAME, LAST_NAME, EMPLOYEE_EMAIL, EMPLOYEE_PASSWORD, TITLE, MANAGERS_ID, IS_MANAGER) values (4, 'Drew', 'MacSween', 'fake4@gmail.com', 'password4', 'HR Manager', 1, 1);
insert into EMPLOYEE (EMPLOYEE_ID, FIRST_NAME, LAST_NAME, EMPLOYEE_EMAIL, EMPLOYEE_PASSWORD, TITLE, MANAGERS_ID, IS_MANAGER) values (5, 'Lay', 'Tabb', 'fake5@gmail.com', 'password5', 'HR Associate', 1, 0);
insert into EMPLOYEE (EMPLOYEE_ID, FIRST_NAME, LAST_NAME, EMPLOYEE_EMAIL, EMPLOYEE_PASSWORD, TITLE, MANAGERS_ID, IS_MANAGER) values (6, 'Ward', 'Haddrell', 'fake6@gmail.com', 'password6', 'Generic', 3, 0);
insert into EMPLOYEE (EMPLOYEE_ID, FIRST_NAME, LAST_NAME, EMPLOYEE_EMAIL, EMPLOYEE_PASSWORD, TITLE, MANAGERS_ID, IS_MANAGER) values (7, 'Britt', 'Christophle', 'fake7@gmail.com', 'password7', 'Generic', 3, 0);
insert into EMPLOYEE (EMPLOYEE_ID, FIRST_NAME, LAST_NAME, EMPLOYEE_EMAIL, EMPLOYEE_PASSWORD, TITLE, MANAGERS_ID, IS_MANAGER) values (8, 'Jermain', 'Grumble', 'fake8@gmail.com', 'password8', 'Generic', 3, 0);
insert into EMPLOYEE (EMPLOYEE_ID, FIRST_NAME, LAST_NAME, EMPLOYEE_EMAIL, EMPLOYEE_PASSWORD, TITLE, MANAGERS_ID, IS_MANAGER) values (9, 'Nicolai', 'Bellefant', 'fake9@gmail.com', 'password9', 'Generic', 3, 0);
insert into EMPLOYEE (EMPLOYEE_ID, FIRST_NAME, LAST_NAME, EMPLOYEE_EMAIL, EMPLOYEE_PASSWORD, TITLE, MANAGERS_ID, IS_MANAGER) values (10, 'Chrissy', 'Sendley', 'fake10@gmail.com', 'password10', 'Generic', 3, 0);
insert into EMPLOYEE (EMPLOYEE_ID, FIRST_NAME, LAST_NAME, EMPLOYEE_EMAIL, EMPLOYEE_PASSWORD, TITLE, MANAGERS_ID, IS_MANAGER) values (11, 'Eilis', 'Snoday', 'fake11@gmail.com', 'password11', 'Generic', 3, 0);






insert into REIMBURSEMENTS (REIMBURSEMENT_ID, REIMBURSEMENT_AMOUNT, REIMBURSEMENT_STATUS,  REIMBURSEMENT_DESC, REIMBURSEMENT_RECEIPT, STATUS_CHANGER, EMPLOYEE_ID) values (1, 1069.803, 0, 'Proin at turpis a pede posuere nonummy. Integer non velit. Donec diam neque, vestibulum eget, vulputate ut, ultrices vel, augue. Vestibulum ante ipsum primis in faucibus orci luctus et ultrices posuere cubilia Curae; Donec pharetra, magna vestibulum aliquet ultrices, erat tortor sollicitudin mi, sit amet lobortis sapien sapien non mi. Integer ac neque. Duis bibendum. Morbi non quam nec dui luctus rutrum. Nulla tellus. In sagittis dui vel nisl. Duis ac nibh.', null, 0, 5);
insert into REIMBURSEMENTS (REIMBURSEMENT_ID, REIMBURSEMENT_AMOUNT, REIMBURSEMENT_STATUS,  REIMBURSEMENT_DESC, REIMBURSEMENT_RECEIPT, STATUS_CHANGER, EMPLOYEE_ID) values (2, 5583.87, 0,  'Donec posuere metus vitae ipsum. Aliquam non mauris. Morbi non lectus. Aliquam sit amet diam in magna bibendum imperdiet. Nullam orci pede, venenatis non, sodales sed, tincidunt eu, felis. Fusce posuere felis sed lacus. Morbi sem mauris, laoreet ut, rhoncus aliquet, pulvinar sed, nisl. Nunc rhoncus dui vel sem.', null, 0, 5);
insert into REIMBURSEMENTS (REIMBURSEMENT_ID, REIMBURSEMENT_AMOUNT, REIMBURSEMENT_STATUS,  REIMBURSEMENT_DESC, REIMBURSEMENT_RECEIPT, STATUS_CHANGER, EMPLOYEE_ID) values (3, 4618.83, 0, 'Duis ac nibh. Fusce lacus purus, aliquet at, feugiat non, pretium quis, lectus. Suspendisse potenti. In eleifend quam a odio. In hac habitasse platea dictumst. Maecenas ut massa quis augue luctus tincidunt. Nulla mollis molestie lorem.', null, 0, 4);
insert into REIMBURSEMENTS (REIMBURSEMENT_ID, REIMBURSEMENT_AMOUNT, REIMBURSEMENT_STATUS,  REIMBURSEMENT_DESC, REIMBURSEMENT_RECEIPT, STATUS_CHANGER, EMPLOYEE_ID) values (4, 5069.27, 0,  'Nullam molestie nibh in lectus. Pellentesque at nulla.', null, 0, 4);
insert into REIMBURSEMENTS (REIMBURSEMENT_ID, REIMBURSEMENT_AMOUNT, REIMBURSEMENT_STATUS,  REIMBURSEMENT_DESC, REIMBURSEMENT_RECEIPT, STATUS_CHANGER, EMPLOYEE_ID) values (5, 7612.95, 0, 'In tempor, turpis nec euismod scelerisque, quam turpis adipiscing lorem, vitae mattis nibh ligula nec sem. Duis aliquam convallis nunc. Proin at turpis a pede posuere nonummy. Integer non velit. Donec diam neque, vestibulum eget, vulputate ut, ultrices vel, augue. Vestibulum ante ipsum primis in faucibus orci luctus et ultrices posuere cubilia Curae; Donec pharetra, magna vestibulum aliquet ultrices, erat tortor sollicitudin mi, sit amet lobortis sapien sapien non mi. Integer ac neque.', null, 0, 5);
insert into REIMBURSEMENTS (REIMBURSEMENT_ID, REIMBURSEMENT_AMOUNT, REIMBURSEMENT_STATUS,  REIMBURSEMENT_DESC, REIMBURSEMENT_RECEIPT, STATUS_CHANGER, EMPLOYEE_ID) values (6, 6842.56, 0,  'Etiam justo. Etiam pretium iaculis justo. In hac habitasse platea dictumst. Etiam faucibus cursus urna. Ut tellus. Nulla ut erat id mauris vulputate elementum. Nullam varius. Nulla facilisi. Cras non velit nec nisi vulputate nonummy. Maecenas tincidunt lacus at velit.', null, 0, 6);
insert into REIMBURSEMENTS (REIMBURSEMENT_ID, REIMBURSEMENT_AMOUNT, REIMBURSEMENT_STATUS,  REIMBURSEMENT_DESC, REIMBURSEMENT_RECEIPT, STATUS_CHANGER, EMPLOYEE_ID) values (7, 8719.70, 0,  'Integer tincidunt ante vel ipsum. Praesent blandit lacinia erat. Vestibulum sed magna at nunc commodo placerat. Praesent blandit. Nam nulla. Integer pede justo, lacinia eget, tincidunt eget, tempus vel, pede. Morbi porttitor lorem id ligula. Suspendisse ornare consequat lectus. In est risus, auctor sed, tristique in, tempus sit amet, sem. Fusce consequat.', null, 0, 9);
insert into REIMBURSEMENTS (REIMBURSEMENT_ID, REIMBURSEMENT_AMOUNT, REIMBURSEMENT_STATUS,  REIMBURSEMENT_DESC, REIMBURSEMENT_RECEIPT, STATUS_CHANGER, EMPLOYEE_ID) values (8, 9447.94, 0,  'Aenean sit amet justo. Morbi ut odio. Cras mi pede, malesuada in, imperdiet et, commodo vulputate, justo. In blandit ultrices enim. Lorem ipsum dolor sit amet, consectetuer adipiscing elit. Proin interdum mauris non ligula pellentesque ultrices. Phasellus id sapien in sapien iaculis congue. Vivamus metus arcu, adipiscing molestie, hendrerit at, vulputate vitae, nisl.', null, 0, 8);
insert into REIMBURSEMENTS (REIMBURSEMENT_ID, REIMBURSEMENT_AMOUNT, REIMBURSEMENT_STATUS,  REIMBURSEMENT_DESC, REIMBURSEMENT_RECEIPT, STATUS_CHANGER, EMPLOYEE_ID) values (9, 7876.63, 0,  'Integer pede justo, lacinia eget, tincidunt eget, tempus vel, pede. Morbi porttitor lorem id ligula. Suspendisse ornare consequat lectus. In est risus, auctor sed, tristique in, tempus sit amet, sem. Fusce consequat. Nulla nisl. Nunc nisl. Duis bibendum, felis sed interdum venenatis, turpis enim blandit mi, in porttitor pede justo eu massa. Donec dapibus.', null, 0, 7);
insert into REIMBURSEMENTS (REIMBURSEMENT_ID, REIMBURSEMENT_AMOUNT, REIMBURSEMENT_STATUS,  REIMBURSEMENT_DESC, REIMBURSEMENT_RECEIPT, STATUS_CHANGER, EMPLOYEE_ID) values (10, 690.71, 0,  'Maecenas rhoncus aliquam lacus.', null, 0, 10);
insert into REIMBURSEMENTS (REIMBURSEMENT_ID, REIMBURSEMENT_AMOUNT, REIMBURSEMENT_STATUS,  REIMBURSEMENT_DESC, REIMBURSEMENT_RECEIPT, STATUS_CHANGER, EMPLOYEE_ID) values (11, 9492.69, 0, 'Sed ante. Vivamus tortor. Duis mattis egestas metus. Aenean fermentum. Donec ut mauris eget massa tempor convallis. Nulla neque libero, convallis eget, eleifend luctus, ultricies eu, nibh. Quisque id justo sit amet sapien dignissim vestibulum. Vestibulum ante ipsum primis in faucibus orci luctus et ultrices posuere cubilia Curae; Nulla dapibus dolor vel est. Donec odio justo, sollicitudin ut, suscipit a, feugiat et, eros. Vestibulum ac est lacinia nisi venenatis tristique.', null, 0, 11);
insert into REIMBURSEMENTS (REIMBURSEMENT_ID, REIMBURSEMENT_AMOUNT, REIMBURSEMENT_STATUS,  REIMBURSEMENT_DESC, REIMBURSEMENT_RECEIPT, STATUS_CHANGER, EMPLOYEE_ID) values (12, 4915.93, 0, 'Nam congue, risus semper porta volutpat, quam pede lobortis ligula, sit amet eleifend pede libero quis orci. Nullam molestie nibh in lectus. Pellentesque at nulla. Suspendisse potenti. Cras in purus eu magna vulputate luctus. Cum sociis natoque penatibus et magnis dis parturient montes, nascetur ridiculus mus.', null, 0, 3);
insert into REIMBURSEMENTS (REIMBURSEMENT_ID, REIMBURSEMENT_AMOUNT, REIMBURSEMENT_STATUS,  REIMBURSEMENT_DESC, REIMBURSEMENT_RECEIPT, STATUS_CHANGER, EMPLOYEE_ID) values (13, 9495.51, 0, 'Duis aliquam convallis nunc. Proin at turpis a pede posuere nonummy. Integer non velit. Donec diam neque, vestibulum eget, vulputate ut, ultrices vel, augue. Vestibulum ante ipsum primis in faucibus orci luctus et ultrices posuere cubilia Curae; Donec pharetra, magna vestibulum aliquet ultrices, erat tortor sollicitudin mi, sit amet lobortis sapien sapien non mi. Integer ac neque. Duis bibendum. Morbi non quam nec dui luctus rutrum.', null, 0, 10);
insert into REIMBURSEMENTS (REIMBURSEMENT_ID, REIMBURSEMENT_AMOUNT, REIMBURSEMENT_STATUS,  REIMBURSEMENT_DESC, REIMBURSEMENT_RECEIPT, STATUS_CHANGER, EMPLOYEE_ID) values (14, 2923.78, 0, 'Vestibulum rutrum rutrum neque. Aenean auctor gravida sem.', null, 0, 5);
insert into REIMBURSEMENTS (REIMBURSEMENT_ID, REIMBURSEMENT_AMOUNT, REIMBURSEMENT_STATUS,  REIMBURSEMENT_DESC, REIMBURSEMENT_RECEIPT, STATUS_CHANGER, EMPLOYEE_ID) values (15, 6469.40, 0, 'Nulla tempus. Vivamus in felis eu sapien cursus vestibulum. Proin eu mi.', null, 0, 11);

